,keyword,degree
0,사형,0.48991205380237973
1,범죄,0.3998965338851526
2,사람,0.3579927573719607
3,집행,0.3072943610967408
4,국민,0.2922917744438696
5,경찰,0.28349715468184167
6,사회,0.2612519399896534
7,인권,0.2586652871184687
8,범죄자,0.24728401448525608
9,처벌,0.24159337816864976
10,피해자,0.22814278323848938
11,법,0.22296947749612
12,생각,0.21779617175375063
13,나라,0.20124159337816863
14,말,0.198137609932747
15,살인,0.189860320744956
16,범,0.16140713916192445
17,사형제,0.15261251939989653
18,인간,0.1469218830832902
19,흉악,0.13450594930160373
20,칼부림,0.12415933781686497
21,문제,0.12364200724262804
22,세금,0.11950336264873254
23,가족,0.1189860320744956
24,전문가,0.11795137092602173
25,죽,0.11174340403517848
26,그냥,0.1107087428867046
27,등,0.1107087428867046
28,글,0.11019141231246767
29,사건,0.10967408173823073
30,국가,0.10863942058975685
31,해,0.1065700982928091
32,하나,0.10346611484738748
33,때문,0.10191412312467667
34,일,0.09881013967925505
35,지금,0.09881013967925505
36,죄,0.0982928091050181
37,저런,0.0982928091050181
38,효과,0.09725814795654422
39,판사,0.09725814795654422
40,정신,0.09518882565959648
41,예방,0.09467149508535955
42,부활,0.0900155199172271
43,대한민국,0.08949818934299017
44,진짜,0.08898085876875322
45,세상,0.08432488360062079
46,가해자,0.08122090015519917
47,블라인드,0.0760475944128298
48,교도소,0.07449560269011898
49,소리,0.0719089498189343
50,치안,0.07035695809622348
51,이유,0.06828763579927574
52,명,0.06725297465080186
53,이제,0.06673564407656492
54,실효,0.06621831350232799
55,돈,0.06570098292809105
56,우리,0.06518365235385411
57,민주당,0.06518365235385411
58,짓,0.06518365235385411
59,검,0.06414899120538023
60,요즘,0.06414899120538023
61,미국,0.0636316606311433
62,자,0.06311433005690636
63,피해,0.06156233833419555
64,평생,0.06104500775995861
65,자기,0.06104500775995861
66,살,0.060527677185721676
67,위해,0.06001034661148474
68,대한,0.06001034661148474
69,가석방,0.05845835488877393
70,무기징역,0.05690636316606311
71,이상,0.05690636316606311
72,정도,0.05690636316606311
73,밥,0.0553543714433523
74,제발,0.05483704086911537
75,살해,0.05483704086911537
76,함,0.05380237972064149
77,무슨,0.05380237972064149
78,앞,0.05225038799793068
79,한국,0.05173305742369374
80,곳,0.05173305742369374
81,수완,0.0512157268494568
82,예고,0.0512157268494568
83,위,0.0512157268494568
84,칼,0.05069839627521987
85,자포자기,0.04966373512674599
86,반대,0.04914640455250905
87,장난,0.04914640455250905
88,얼마나,0.04914640455250905
89,공개,0.04811174340403518
90,임,0.04811174340403518
91,제도,0.04759441282979824
92,남,0.0470770822555613
93,계속,0.0470770822555613
94,본인,0.0470770822555613
95,우리나라,0.04604242110708743
96,좌파,0.04604242110708743
97,시민,0.04552509053285049
98,감옥,0.04500775995861355
99,사형수,0.04449042938437661
100,목숨,0.04449042938437661
101,정말,0.04345576823590274
102,사고,0.04345576823590274
103,바로,0.04242110708742887
104,보호,0.04242110708742887
105,정부,0.04086911536471805
106,보고,0.04086911536471805
107,답,0.04035178479048111
108,흉기,0.04035178479048111
109,구속,0.04035178479048111
110,뿐,0.04035178479048111
111,생명,0.03983445421624418
112,정신병,0.03983445421624418
113,계정,0.03931712364200724
114,자체,0.03931712364200724
115,고통,0.0387997930677703
116,경우,0.0387997930677703
117,강력범죄,0.03828246249353337
118,신림동,0.03828246249353337
119,자신,0.03776513191929643
120,지역,0.03776513191929643
121,한번,0.03724780134505949
122,대통령,0.03724780134505949
123,수사,0.03673047077082255
124,번,0.03673047077082255
125,절대,0.03569580962234868
126,모든,0.03569580962234868
127,각오,0.03517847904811174
128,중국,0.03517847904811174
129,일본,0.03517847904811174
130,폐지,0.03517847904811174
131,교육,0.03517847904811174
132,박,0.0346611484738748
133,수사권,0.0346611484738748
134,중,0.0346611484738748
135,인력,0.03414381789963787
136,무조건,0.03414381789963787
137,기사,0.03362648732540093
138,부모,0.03362648732540093
139,전,0.03310915675116399
140,정치,0.03310915675116399
141,하루,0.032591826176927054
142,정권,0.032591826176927054
143,인생,0.032591826176927054
144,형벌,0.032074495602690115
145,다시,0.032074495602690115
146,불안,0.031039834454216243
147,라면,0.031039834454216243
148,현실,0.031039834454216243
149,누구,0.031039834454216243
150,처,0.030522503879979304
151,협박,0.030522503879979304
152,그게,0.030522503879979304
153,반드시,0.030522503879979304
154,전부,0.030522503879979304
155,누가,0.030522503879979304
156,판결,0.03000517330574237
157,해도,0.03000517330574237
158,피,0.029487842731505433
159,강력,0.028970512157268494
160,식,0.028970512157268494
161,테러,0.028970512157268494
162,책임,0.028970512157268494
163,혼란,0.028453181583031555
164,검찰,0.028453181583031555
165,종신형,0.028453181583031555
166,꼭,0.028453181583031555
167,일이,0.028453181583031555
168,모두,0.02793585100879462
169,줄,0.027418520434557683
170,찬성,0.026901189860320744
171,범죄예방,0.026901189860320744
172,어차피,0.026383859286083805
173,포기,0.02586652871184687
174,하자,0.02586652871184687
175,발생,0.02586652871184687
176,관심,0.02586652871184687
177,건가,0.02586652871184687
178,가능성,0.025349198137609934
179,사실,0.025349198137609934
180,데,0.025349198137609934
181,필요,0.024831867563372995
182,막,0.024831867563372995
183,목적,0.024831867563372995
184,여자,0.024314536989136055
185,가지,0.024314536989136055
186,도입,0.02379720641489912
187,제대로,0.02379720641489912
188,징역,0.02379720641489912
189,순찰,0.023279875840662184
190,쓰레기,0.023279875840662184
191,후,0.023279875840662184
192,이해,0.023279875840662184
193,대해,0.022762545266425245
194,끼,0.022762545266425245
195,현재,0.022762545266425245
196,마약,0.022762545266425245
197,검사,0.022245214692188306
198,그것,0.022245214692188306
199,나이,0.022245214692188306
200,다른,0.02172788411795137
201,성폭행,0.02172788411795137
202,차라리,0.02172788411795137
203,가장,0.02172788411795137
204,동네,0.02172788411795137
205,예전,0.02172788411795137
206,해결,0.02172788411795137
207,태형,0.021210553543714435
208,시,0.021210553543714435
209,현장,0.021210553543714435
210,미성년,0.021210553543714435
211,방법,0.021210553543714435
212,어디,0.021210553543714435
213,삼청교육대,0.020693222969477496
214,먹이,0.020693222969477496
215,시행,0.020693222969477496
216,뭘,0.020693222969477496
217,감형,0.020693222969477496
218,폭행,0.020693222969477496
219,의문,0.020175892395240556
220,얼굴,0.020175892395240556
221,최소한,0.020175892395240556
222,외교,0.020175892395240556
223,죽음,0.020175892395240556
224,교화,0.020175892395240556
225,정의,0.020175892395240556
226,학생,0.020175892395240556
227,처리,0.020175892395240556
228,살인자,0.01965856182100362
229,안전,0.01965856182100362
230,치료,0.01965856182100362
231,언제,0.01965856182100362
232,국,0.01965856182100362
233,공포,0.01965856182100362
234,일반,0.01965856182100362
235,판,0.01965856182100362
236,대부분,0.01965856182100362
237,싹,0.01965856182100362
238,우선,0.019141231246766685
239,마음,0.019141231246766685
240,아주,0.019141231246766685
241,신상,0.018623900672529746
242,낭비,0.018623900672529746
243,고글,0.018623900672529746
244,강간,0.018623900672529746
245,범행,0.018623900672529746
246,형량,0.018623900672529746
247,거리,0.018623900672529746
248,조정,0.018106570098292807
249,격리,0.018106570098292807
250,생활,0.018106570098292807
251,다음,0.018106570098292807
252,노동,0.018106570098292807
253,북한,0.018106570098292807
254,도,0.018106570098292807
255,고시촌,0.018106570098292807
256,사칭,0.01758923952405587
257,타령,0.01758923952405587
258,학교,0.01758923952405587
259,결과,0.01758923952405587
260,존재,0.01758923952405587
261,폭력,0.01758923952405587
262,엄벌,0.017071908949818936
263,자식,0.017071908949818936
264,너,0.017071908949818936
265,수준,0.017071908949818936
266,집,0.017071908949818936
267,고,0.017071908949818936
268,쪽,0.017071908949818936
269,상황,0.017071908949818936
270,집단,0.017071908949818936
271,실행,0.016554578375581996
272,제,0.016554578375581996
273,선고,0.016554578375581996
274,및,0.016554578375581996
275,중범죄,0.016554578375581996
276,정상,0.016554578375581996
277,이번,0.016554578375581996
278,간첩,0.016554578375581996
279,아무,0.016554578375581996
280,부터,0.016554578375581996
281,관리,0.016554578375581996
282,총선,0.016037247801345057
283,조직,0.016037247801345057
284,공권력,0.016037247801345057
285,감정,0.016037247801345057
286,날,0.016037247801345057
287,하라,0.016037247801345057
288,이건,0.016037247801345057
289,사용,0.016037247801345057
290,스스로,0.016037247801345057
291,한동훈,0.015519917227108122
292,단체,0.015519917227108122
293,당장,0.015519917227108122
294,눈치,0.015519917227108122
295,적용,0.015519917227108122
296,뉴스,0.015519917227108122
297,장관,0.015002586652871184
298,남자,0.015002586652871184
299,꼴,0.015002586652871184
300,재범,0.015002586652871184
301,실제,0.015002586652871184
302,당,0.015002586652871184
303,문재인,0.015002586652871184
304,질,0.015002586652871184
305,범인,0.015002586652871184
306,얘기,0.015002586652871184
307,눈,0.015002586652871184
308,만,0.015002586652871184
309,시간,0.015002586652871184
310,율,0.014485256078634247
311,개판,0.014485256078634247
312,본보기,0.014485256078634247
313,사형선고,0.014485256078634247
314,뒤,0.014485256078634247
315,상태,0.014485256078634247
316,란,0.014485256078634247
317,사법부,0.014485256078634247
318,성범죄,0.014485256078634247
319,회사,0.01396792550439731
320,피의자,0.01396792550439731
321,노역,0.01396792550439731
322,이기,0.01396792550439731
323,래야,0.01396792550439731
324,강제,0.01396792550439731
325,재판,0.01396792550439731
326,년,0.01396792550439731
327,특정,0.01396792550439731
328,위협,0.01396792550439731
329,댓글,0.01396792550439731
330,등등,0.01396792550439731
331,시작,0.01396792550439731
332,조장,0.013450594930160372
333,운동,0.013450594930160372
334,법원,0.013450594930160372
335,최근,0.013450594930160372
336,게임,0.013450594930160372
337,남성,0.013450594930160372
338,아이,0.013450594930160372
339,무시,0.013450594930160372
340,난동,0.012933264355923435
341,유럽,0.012933264355923435
342,일단,0.012933264355923435
343,무고,0.012933264355923435
344,재앙,0.012933264355923435
345,대책,0.012933264355923435
346,속,0.012933264355923435
347,신림,0.012933264355923435
348,출신,0.012933264355923435
349,물,0.012933264355923435
350,파,0.012415933781686497
351,경찰관,0.012415933781686497
352,강화,0.012415933781686497
353,행위,0.012415933781686497
354,형사,0.012415933781686497
355,이용,0.012415933781686497
356,입,0.012415933781686497
357,누군가,0.012415933781686497
358,단순,0.012415933781686497
359,의미,0.01189860320744956
360,사살,0.01189860320744956
361,팔이,0.01189860320744956
362,세력,0.01189860320744956
363,가치,0.01189860320744956
364,조금,0.01189860320744956
365,행동,0.01189860320744956
366,이름,0.01189860320744956
367,가면,0.01189860320744956
368,도대체,0.01189860320744956
369,절도,0.01189860320744956
370,유족,0.011381272633212623
371,형,0.011381272633212623
372,당신,0.011381272633212623
373,애초,0.011381272633212623
374,입장,0.011381272633212623
375,조선족,0.011381272633212623
376,악질,0.011381272633212623
377,여성,0.011381272633212623
378,선동,0.011381272633212623
379,삶,0.011381272633212623
380,관악구,0.011381272633212623
381,외국인,0.011381272633212623
382,개인,0.011381272633212623
383,미약,0.010863942058975685
384,현직,0.010863942058975685
385,감방,0.010863942058975685
386,위로,0.010863942058975685
387,벌금,0.010863942058975685
388,수도,0.010863942058975685
389,전라도,0.010863942058975685
390,안심,0.010863942058975685
391,적,0.010863942058975685
392,점점,0.010863942058975685
393,비율,0.010863942058975685
394,거기,0.010863942058975685
395,고시생,0.010863942058975685
396,대학생,0.010863942058975685
397,일용직,0.010863942058975685
398,외지,0.010863942058975685
399,관계자,0.010863942058975685
400,쇠락,0.010863942058975685
401,기자,0.010346611484738748
402,내년,0.010346611484738748
403,악마,0.010346611484738748
404,헛소리,0.010346611484738748
405,다수,0.010346611484738748
406,인정,0.010346611484738748
407,주장,0.010346611484738748
408,최소,0.010346611484738748
409,복수,0.010346611484738748
410,탓,0.010346611484738748
411,판새,0.010346611484738748
412,직원,0.00982928091050181
413,대신,0.00982928091050181
414,또한,0.00982928091050181
415,감,0.00982928091050181
416,역시,0.00982928091050181
417,위선,0.00982928091050181
418,대표,0.00982928091050181
419,상공,0.00982928091050181
420,기본,0.00982928091050181
421,걱정,0.00982928091050181
422,머리,0.00982928091050181
423,정책,0.00982928091050181
424,한화,0.009311950336264873
425,짐승,0.009311950336264873
426,유행,0.009311950336264873
427,변호사,0.009311950336264873
428,살기,0.009311950336264873
429,먼저,0.009311950336264873
430,둘,0.009311950336264873
431,비용,0.009311950336264873
432,반성,0.009311950336264873
433,관련,0.009311950336264873
434,불,0.009311950336264873
435,유지,0.009311950336264873
436,도움,0.009311950336264873
437,벌,0.009311950336264873
438,비,0.009311950336264873
439,만약,0.009311950336264873
440,거지,0.009311950336264873
441,원인,0.009311950336264873
442,여론,0.009311950336264873
443,직접,0.009311950336264873
444,심신,0.008794619762027936
445,공무원,0.008794619762027936
446,익명,0.008794619762027936
447,죽지,0.008794619762027936
448,의원,0.008794619762027936
449,즉시,0.008794619762027936
450,의견,0.008794619762027936
451,희생,0.008794619762027936
452,교사,0.008794619762027936
453,국회의원,0.008794619762027936
454,대상,0.008794619762027936
455,모습,0.008794619762027936
456,난,0.008794619762027936
457,선,0.008794619762027936
458,바,0.008794619762027936
459,몸,0.008794619762027936
460,끼리,0.008794619762027936
461,잘못,0.008794619762027936
462,모방,0.008277289187790998
463,인증,0.008277289187790998
464,전과,0.008277289187790998
465,김대중,0.008277289187790998
466,유가족,0.008277289187790998
467,치,0.008277289187790998
468,배,0.008277289187790998
469,패,0.008277289187790998
470,활동,0.008277289187790998
471,심판,0.008277289187790998
472,나발,0.008277289187790998
473,최고,0.008277289187790998
474,논리,0.008277289187790998
475,힘,0.008277289187790998
476,이재명,0.008277289187790998
477,무차별,0.008277289187790998
478,위험,0.008277289187790998
479,개혁,0.008277289187790998
480,직업,0.008277289187790998
481,시대,0.008277289187790998
482,혈,0.007759958613554061
483,예비,0.007759958613554061
484,고생,0.007759958613554061
485,무,0.007759958613554061
486,총,0.007759958613554061
487,경찰청,0.007759958613554061
488,당한,0.007759958613554061
489,자꾸,0.007759958613554061
490,오히려,0.007759958613554061
491,겁,0.007759958613554061
492,언론,0.007759958613554061
493,의식,0.007759958613554061
494,사법,0.007759958613554061
495,통과,0.007759958613554061
496,커뮤니티,0.007759958613554061
497,너희,0.007759958613554061
498,용서,0.007759958613554061
499,권리,0.007759958613554061
500,서울,0.007759958613554061
501,체포,0.007759958613554061
502,젠,0.007759958613554061
503,갑자기,0.007759958613554061
504,법무부,0.007242628039317123
505,직장,0.007242628039317123
506,학폭,0.007242628039317123
507,기각,0.007242628039317123
508,이면,0.007242628039317123
509,업무,0.007242628039317123
510,정당,0.007242628039317123
511,과연,0.007242628039317123
512,민생,0.007242628039317123
513,생,0.007242628039317123
514,자유,0.007242628039317123
515,실질,0.007242628039317123
516,핑계,0.007242628039317123
517,달,0.007242628039317123
518,준,0.007242628039317123
519,인식,0.007242628039317123
520,술,0.007242628039317123
521,일베,0.007242628039317123
522,시스템,0.007242628039317123
523,충,0.007242628039317123
524,표,0.007242628039317123
525,대낮,0.007242628039317123
526,견찰,0.007242628039317123
527,입법,0.007242628039317123
528,거나,0.007242628039317123
529,정치인,0.007242628039317123
530,정,0.007242628039317123
531,허용,0.007242628039317123
532,처럼,0.007242628039317123
533,볼,0.006725297465080186
534,내용,0.006725297465080186
535,해킹,0.006725297465080186
536,검경,0.006725297465080186
537,조치,0.006725297465080186
538,존중,0.006725297465080186
539,어찌,0.006725297465080186
540,전쟁,0.006725297465080186
541,서울대,0.006725297465080186
542,사거리,0.006725297465080186
543,경제,0.006725297465080186
544,단절,0.006725297465080186
545,판단,0.006725297465080186
546,보상,0.006725297465080186
547,이야기,0.006725297465080186
548,끝,0.006725297465080186
549,민주주의,0.006725297465080186
550,표현,0.006725297465080186
551,제일,0.006725297465080186
552,분노,0.006725297465080186
553,지지,0.006725297465080186
554,통해,0.006725297465080186
555,수가,0.006725297465080186
556,고려,0.006725297465080186
557,자고,0.006725297465080186
558,하니,0.006725297465080186
559,각자,0.006207966890843249
560,세로,0.006207966890843249
561,고문,0.006207966890843249
562,가입,0.006207966890843249
563,고의,0.006207966890843249
564,실시,0.006207966890843249
565,증거,0.006207966890843249
566,온,0.006207966890843249
567,싱가폴,0.006207966890843249
568,종류,0.006207966890843249
569,기,0.006207966890843249
570,부서,0.006207966890843249
571,타인,0.006207966890843249
572,일반인,0.006207966890843249
573,검거,0.006207966890843249
574,로,0.006207966890843249
575,척,0.006207966890843249
576,관종,0.006207966890843249
577,두,0.006207966890843249
578,방송,0.006207966890843249
579,활개,0.006207966890843249
580,파악,0.006207966890843249
581,뭔가,0.006207966890843249
582,어른,0.006207966890843249
583,친구,0.006207966890843249
584,맘,0.006207966890843249
585,병원,0.006207966890843249
586,환자,0.006207966890843249
587,단,0.006207966890843249
588,여기,0.006207966890843249
589,위원,0.006207966890843249
590,상해,0.006207966890843249
591,이상자,0.005690636316606311
592,일본도,0.005690636316606311
593,회사원,0.005690636316606311
594,서버,0.005690636316606311
595,유사,0.005690636316606311
596,인성,0.005690636316606311
597,우범,0.005690636316606311
598,차원,0.005690636316606311
599,극악,0.005690636316606311
600,강남구,0.005690636316606311
601,선진국,0.005690636316606311
602,도박,0.005690636316606311
603,노,0.005690636316606311
604,환경,0.005690636316606311
605,짓거리,0.005690636316606311
606,울분,0.005690636316606311
607,관계,0.005690636316606311
608,간다,0.005690636316606311
609,처분,0.005690636316606311
610,신림역,0.005690636316606311
611,정당방위,0.005690636316606311
612,확인,0.005690636316606311
613,촉법소년,0.005690636316606311
614,갱생,0.005690636316606311
615,찍,0.005690636316606311
616,산다,0.005690636316606311
617,웃기,0.005690636316606311
618,해체,0.005690636316606311
619,금지,0.005690636316606311
620,강도,0.005690636316606311
621,반,0.005690636316606311
622,유럽연합,0.005690636316606311
623,온갖,0.005690636316606311
624,혼자,0.005690636316606311
625,윤석열,0.005690636316606311
626,선처,0.005690636316606311
627,문,0.005690636316606311
628,권력,0.005690636316606311
629,잠재,0.005173305742369374
630,무기형,0.005173305742369374
631,추적,0.005173305742369374
632,일벌,0.005173305742369374
633,살인마,0.005173305742369374
634,정보,0.005173305742369374
635,촉법,0.005173305742369374
636,악,0.005173305742369374
637,보장,0.005173305742369374
638,아이디,0.005173305742369374
639,훈방,0.005173305742369374
640,깜빵,0.005173305742369374
641,즉각,0.005173305742369374
642,조성,0.005173305742369374
643,봉투,0.005173305742369374
644,무기,0.005173305742369374
645,자살,0.005173305742369374
646,분위기,0.005173305742369374
647,우려,0.005173305742369374
648,미래,0.005173305742369374
649,러시아,0.005173305742369374
650,말로,0.005173305742369374
651,의도,0.005173305742369374
652,재산,0.005173305742369374
653,이후,0.005173305742369374
654,진심,0.005173305742369374
655,따위,0.005173305742369374
656,늘,0.005173305742369374
657,인원,0.005173305742369374
658,안해,0.005173305742369374
659,사이트,0.005173305742369374
660,소,0.005173305742369374
661,서민,0.005173305742369374
662,나중,0.005173305742369374
663,제공,0.005173305742369374
664,매일,0.005173305742369374
665,찬,0.005173305742369374
666,스트레스,0.005173305742369374
667,중이,0.005173305742369374
668,천국,0.005173305742369374
669,외교관,0.005173305742369374
670,를,0.005173305742369374
671,혐의,0.005173305742369374
672,길거리,0.005173305742369374
673,승재현,0.005173305742369374
674,주소,0.0046559751681324365
675,복사,0.0046559751681324365
676,주소창,0.0046559751681324365
677,화살표,0.0046559751681324365
678,엔터키,0.0046559751681324365
679,도생,0.0046559751681324365
680,솜방망이,0.0046559751681324365
681,협조,0.0046559751681324365
682,시세,0.0046559751681324365
683,투표,0.0046559751681324365
684,지경,0.0046559751681324365
685,엔씨,0.0046559751681324365
686,적극,0.0046559751681324365
687,질서,0.0046559751681324365
688,사서,0.0046559751681324365
689,차,0.0046559751681324365
690,자리,0.0046559751681324365
691,조사,0.0046559751681324365
692,욕,0.0046559751681324365
693,의경,0.0046559751681324365
694,보복,0.0046559751681324365
695,담당,0.0046559751681324365
696,키,0.0046559751681324365
697,직,0.0046559751681324365
698,제거,0.0046559751681324365
699,카르텔,0.0046559751681324365
700,혹시,0.0046559751681324365
701,어쩌,0.0046559751681324365
702,영향,0.0046559751681324365
703,원래,0.0046559751681324365
704,큰일,0.0046559751681324365
705,반복,0.0046559751681324365
706,내지,0.0046559751681324365
707,난리,0.0046559751681324365
708,추가,0.0046559751681324365
709,법치,0.0046559751681324365
710,항상,0.0046559751681324365
711,기준,0.0046559751681324365
712,사전,0.0046559751681324365
713,즉결,0.0046559751681324365
714,윤정,0.0046559751681324365
715,주,0.0046559751681324365
716,능력,0.0046559751681324365
717,현,0.0046559751681324365
718,실형,0.0046559751681324365
719,옛날,0.0046559751681324365
720,마찬가지,0.0046559751681324365
721,선임,0.0046559751681324365
722,법무,0.0046559751681324365
723,점,0.0046559751681324365
724,연구원,0.0046559751681324365
725,초딩,0.0046559751681324365
726,도용,0.004138644593895499
727,불만,0.004138644593895499
728,지은,0.004138644593895499
729,영구,0.004138644593895499
730,검수,0.004138644593895499
731,법정,0.004138644593895499
732,계획,0.004138644593895499
733,종결,0.004138644593895499
734,타고,0.004138644593895499
735,탄광,0.004138644593895499
736,구현,0.004138644593895499
737,일부,0.004138644593895499
738,집행유예,0.004138644593895499
739,능지처참,0.004138644593895499
740,빵,0.004138644593895499
741,입원,0.004138644593895499
742,은,0.004138644593895499
743,실현,0.004138644593895499
744,통,0.004138644593895499
745,폐해,0.004138644593895499
746,초범,0.004138644593895499
747,둘째,0.004138644593895499
748,면서,0.004138644593895499
749,방해,0.004138644593895499
750,순간,0.004138644593895499
751,회피,0.004138644593895499
752,디씨,0.004138644593895499
753,재,0.004138644593895499
754,방범,0.004138644593895499
755,모양,0.004138644593895499
756,금천구,0.004138644593895499
757,노력,0.004138644593895499
758,의,0.004138644593895499
759,가요,0.004138644593895499
760,조선,0.004138644593895499
761,이나라,0.004138644593895499
762,이론,0.004138644593895499
763,가정,0.004138644593895499
764,복역,0.004138644593895499
765,금,0.004138644593895499
766,최대한,0.004138644593895499
767,과,0.004138644593895499
768,호텔,0.004138644593895499
769,하든,0.004138644593895499
770,부작용,0.004138644593895499
771,미수,0.0036213140196585617
772,파면,0.0036213140196585617
773,홍준표,0.0036213140196585617
774,박의,0.0036213140196585617
775,축,0.0036213140196585617
776,청구,0.0036213140196585617
777,무도,0.0036213140196585617
778,복,0.0036213140196585617
779,기회,0.0036213140196585617
780,송파구,0.0036213140196585617
781,달라,0.0036213140196585617
782,교도관,0.0036213140196585617
783,부족,0.0036213140196585617
784,공짜,0.0036213140196585617
785,교수형,0.0036213140196585617
786,동안,0.0036213140196585617
787,색출,0.0036213140196585617
788,총기,0.0036213140196585617
789,인권위,0.0036213140196585617
790,전혀,0.0036213140196585617
791,양산,0.0036213140196585617
792,의식주,0.0036213140196585617
793,대다수,0.0036213140196585617
794,석방,0.0036213140196585617
795,보지,0.0036213140196585617
796,한마디,0.0036213140196585617
797,죄명,0.0036213140196585617
798,지옥,0.0036213140196585617
799,옹호,0.0036213140196585617
800,본연,0.0036213140196585617
801,사태,0.0036213140196585617
802,대가,0.0036213140196585617
803,아예,0.0036213140196585617
804,사범,0.0036213140196585617
805,근절,0.0036213140196585617
806,확률,0.0036213140196585617
807,도보,0.0036213140196585617
808,월급,0.0036213140196585617
809,완전,0.0036213140196585617
810,무죄,0.0036213140196585617
811,노인,0.0036213140196585617
812,해당,0.0036213140196585617
813,도주,0.0036213140196585617
814,관점,0.0036213140196585617
815,최선,0.0036213140196585617
816,무법천지,0.0036213140196585617
817,불안감,0.0036213140196585617
818,프로,0.0036213140196585617
819,박살,0.0036213140196585617
820,자도,0.0036213140196585617
821,시기,0.0036213140196585617
822,법도,0.0036213140196585617
823,가중,0.0031039834454216243
824,윤,0.0031039834454216243
825,지대,0.0031039834454216243
826,이메일,0.0031039834454216243
827,지령,0.0031039834454216243
828,강남,0.0031039834454216243
829,종자,0.0031039834454216243
830,변명,0.0031039834454216243
831,공약,0.0031039834454216243
832,출동,0.0031039834454216243
833,가짜,0.0031039834454216243
834,원한,0.0031039834454216243
835,양성,0.0031039834454216243
836,재미,0.0031039834454216243
837,랍시고,0.0031039834454216243
838,현상,0.0031039834454216243
839,오직,0.0031039834454216243
840,대선,0.0031039834454216243
841,사적,0.0031039834454216243
842,그거,0.0031039834454216243
843,대안,0.0031039834454216243
844,전교조,0.0031039834454216243
845,겨,0.0031039834454216243
846,대우,0.0031039834454216243
847,종교,0.0031039834454216243
848,개념,0.0031039834454216243
849,잘만,0.0031039834454216243
850,전두환,0.0031039834454216243
851,지원,0.0031039834454216243
852,지도,0.0031039834454216243
853,약,0.0031039834454216243
854,한자,0.0031039834454216243
855,곳곳,0.0031039834454216243
856,정작,0.0031039834454216243
857,수감,0.0031039834454216243
858,논,0.0031039834454216243
859,일어나고,0.0031039834454216243
860,후회,0.0031039834454216243
861,성문,0.0031039834454216243
862,세계,0.0031039834454216243
863,옆,0.0031039834454216243
864,요새,0.0031039834454216243
865,죄값,0.0031039834454216243
866,조례,0.0031039834454216243
867,리,0.0031039834454216243
868,살수,0.0031039834454216243
869,수갑,0.0031039834454216243
870,철,0.0031039834454216243
871,주의,0.0031039834454216243
872,소수,0.0031039834454216243
873,뻔,0.0031039834454216243
874,바람,0.0031039834454216243
875,모조리,0.0031039834454216243
876,공산당,0.0031039834454216243
877,각종,0.0031039834454216243
878,장악,0.0031039834454216243
879,수건,0.0031039834454216243
880,병자,0.002586652871184687
881,계,0.002586652871184687
882,익명성,0.002586652871184687
883,방류,0.002586652871184687
884,흉,0.002586652871184687
885,꼬,0.002586652871184687
886,화,0.002586652871184687
887,개인정보,0.002586652871184687
888,얼마,0.002586652871184687
889,작성자,0.002586652871184687
890,장기,0.002586652871184687
891,경찰서,0.002586652871184687
892,고스,0.002586652871184687
893,양반,0.002586652871184687
894,거세,0.002586652871184687
895,블,0.002586652871184687
896,바보,0.002586652871184687
897,통속,0.002586652871184687
898,주변,0.002586652871184687
899,의심,0.002586652871184687
900,각심,0.002586652871184687
901,소지,0.002586652871184687
902,국정원,0.002586652871184687
903,우울증,0.002586652871184687
904,낫,0.002586652871184687
905,시민단체,0.002586652871184687
906,노출,0.002586652871184687
907,머그,0.002586652871184687
908,샷,0.002586652871184687
909,지인,0.002586652871184687
910,고인,0.002586652871184687
911,보수,0.002586652871184687
912,구,0.002586652871184687
913,댓,0.002586652871184687
914,범의,0.002586652871184687
915,최,0.002586652871184687
916,공백,0.002586652871184687
917,오늘,0.002586652871184687
918,법안,0.002586652871184687
919,면,0.002586652871184687
920,망,0.002586652871184687
921,인구,0.002586652871184687
922,봄,0.002586652871184687
923,다리,0.002586652871184687
924,차이,0.002586652871184687
925,곤장,0.002586652871184687
926,단속,0.002586652871184687
927,자치,0.002586652871184687
928,잼버리,0.002586652871184687
929,국제,0.002586652871184687
930,불문,0.002586652871184687
931,형법,0.002586652871184687
932,예산,0.002586652871184687
933,별,0.002586652871184687
934,벌벌,0.002586652871184687
935,인척,0.002586652871184687
936,분명,0.002586652871184687
937,의무,0.002586652871184687
938,자주,0.002586652871184687
939,학생인권,0.002586652871184687
940,간,0.002586652871184687
941,다그,0.002586652871184687
942,무기수,0.002586652871184687
943,수단,0.002586652871184687
944,상식,0.002586652871184687
945,조카,0.002586652871184687
946,구분,0.002586652871184687
947,영화,0.002586652871184687
948,형제,0.002586652871184687
949,주사파,0.002586652871184687
950,과거,0.002586652871184687
951,정신질환,0.002586652871184687
952,판이,0.002586652871184687
953,저리,0.002586652871184687
954,벌레,0.002586652871184687
955,길,0.002586652871184687
956,발,0.002586652871184687
957,개딸,0.002586652871184687
958,관용,0.002586652871184687
959,여러분,0.002586652871184687
960,적응,0.002586652871184687
961,더욱,0.002586652871184687
962,수호,0.002586652871184687
963,의무경찰,0.002586652871184687
964,해커,0.002586652871184687
965,개정,0.0020693222969477496
966,오염수,0.0020693222969477496
967,전복,0.0020693222969477496
968,자칭,0.0020693222969477496
969,작성,0.0020693222969477496
970,도시,0.0020693222969477496
971,엄하,0.0020693222969477496
972,갈라,0.0020693222969477496
973,여경,0.0020693222969477496
974,억제,0.0020693222969477496
975,팔,0.0020693222969477496
976,난방,0.0020693222969477496
977,냉,0.0020693222969477496
978,국회,0.0020693222969477496
979,관,0.0020693222969477496
980,책,0.0020693222969477496
981,조작,0.0020693222969477496
982,요구,0.0020693222969477496
983,변호,0.0020693222969477496
984,두려움,0.0020693222969477496
985,마련,0.0020693222969477496
986,낫다,0.0020693222969477496
987,매우,0.0020693222969477496
988,거의,0.0020693222969477496
989,중국인,0.0020693222969477496
990,증원,0.0020693222969477496
991,방지,0.0020693222969477496
992,원칙,0.0020693222969477496
993,당선,0.0020693222969477496
994,명복,0.0020693222969477496
995,사려,0.0020693222969477496
996,병,0.0020693222969477496
997,대가리,0.0020693222969477496
998,순찰차,0.0020693222969477496
999,영장,0.0020693222969477496
1000,회,0.0020693222969477496
1001,미리,0.0020693222969477496
1002,엄,0.0020693222969477496
1003,싱가포르,0.0020693222969477496
1004,남녀,0.0020693222969477496
1005,공정,0.0020693222969477496
1006,소위,0.0020693222969477496
1007,설치,0.0020693222969477496
1008,은둔,0.0020693222969477496
1009,탈,0.0020693222969477496
1010,똥,0.0020693222969477496
1011,저건,0.0020693222969477496
1012,꿈,0.0020693222969477496
1013,경찰대,0.0020693222969477496
1014,위원회,0.0020693222969477496
1015,선택,0.0020693222969477496
1016,복지,0.0020693222969477496
1017,평등,0.0020693222969477496
1018,강조,0.0020693222969477496
1019,지능,0.0020693222969477496
1020,봉사,0.0020693222969477496
1021,국힘,0.0020693222969477496
1022,물어,0.0020693222969477496
1023,청소년,0.0020693222969477496
1024,터,0.0020693222969477496
1025,근처,0.0020693222969477496
1026,해외,0.0020693222969477496
1027,딸,0.0020693222969477496
1028,잡고,0.0020693222969477496
1029,꼬박,0.0020693222969477496
1030,처형,0.0020693222969477496
1031,무인도,0.0020693222969477496
1032,싸움,0.0020693222969477496
1033,사망,0.0020693222969477496
1034,깨,0.0020693222969477496
1035,천지,0.0020693222969477496
1036,콩밥,0.0020693222969477496
1037,포함,0.0020693222969477496
1038,로부터,0.0020693222969477496
1039,노예,0.0020693222969477496
1040,크게,0.0020693222969477496
1041,배려,0.0020693222969477496
1042,막상,0.0020693222969477496
1043,전체,0.0020693222969477496
1044,주지,0.0020693222969477496
1045,진보,0.0020693222969477496
1046,개돼지,0.0020693222969477496
1047,성인,0.0020693222969477496
1048,인지,0.0020693222969477496
1049,보,0.0020693222969477496
1050,심리,0.0020693222969477496
1051,음주운전,0.0020693222969477496
1052,주민,0.0020693222969477496
1053,구조,0.0020693222969477496
1054,골목,0.0020693222969477496
1055,긴급,0.0020693222969477496
1056,교수,0.0020693222969477496
1057,교통,0.0020693222969477496
1058,일부러,0.0020693222969477496
1059,네,0.0020693222969477496
1060,기동대,0.0020693222969477496
1061,분석,0.0020693222969477496
1062,동원,0.0020693222969477496
1063,운영,0.0020693222969477496
1064,절반,0.0020693222969477496
1065,일당,0.0020693222969477496
1066,구나,0.0020693222969477496
1067,폭증,0.0020693222969477496
1068,노무현,0.0020693222969477496
1069,마음대로,0.0020693222969477496
1070,기술,0.0020693222969477496
1071,다행,0.0020693222969477496
1072,최인호,0.0020693222969477496
1073,머그샷,0.0020693222969477496
1074,모독,0.0020693222969477496
1075,하루하루,0.0020693222969477496
1076,중형,0.0020693222969477496
1077,팔다리,0.0020693222969477496
1078,범죄인,0.0020693222969477496
1079,엄중,0.0015519917227108122
1080,야기,0.0015519917227108122
1081,선포,0.0015519917227108122
1082,내부,0.0015519917227108122
1083,치기,0.0015519917227108122
1084,공화국,0.0015519917227108122
1085,저번,0.0015519917227108122
1086,엉망,0.0015519917227108122
1087,유기,0.0015519917227108122
1088,직무,0.0015519917227108122
1089,방식,0.0015519917227108122
1090,민주,0.0015519917227108122
1091,부류,0.0015519917227108122
1092,는걸,0.0015519917227108122
1093,여기저기,0.0015519917227108122
1094,생체실험,0.0015519917227108122
1095,리지,0.0015519917227108122
1096,조성하,0.0015519917227108122
1097,전국,0.0015519917227108122
1098,너클,0.0015519917227108122
1099,아마,0.0015519917227108122
1100,상관,0.0015519917227108122
1101,이에는이,0.0015519917227108122
1102,오픈,0.0015519917227108122
1103,무참,0.0015519917227108122
1104,이하,0.0015519917227108122
1105,메일,0.0015519917227108122
1106,관악,0.0015519917227108122
1107,경범죄,0.0015519917227108122
1108,된거,0.0015519917227108122
1109,집권,0.0015519917227108122
1110,무능,0.0015519917227108122
1111,종북,0.0015519917227108122
1112,후보,0.0015519917227108122
1113,재발,0.0015519917227108122
1114,층,0.0015519917227108122
1115,수출,0.0015519917227108122
1116,범법,0.0015519917227108122
1117,유튜브,0.0015519917227108122
1118,삭제,0.0015519917227108122
1119,지지율,0.0015519917227108122
1120,도둑,0.0015519917227108122
1121,유저,0.0015519917227108122
1122,강호순,0.0015519917227108122
1123,강남역,0.0015519917227108122
1124,섬,0.0015519917227108122
1125,목,0.0015519917227108122
1126,요청,0.0015519917227108122
1127,인,0.0015519917227108122
1128,조사해,0.0015519917227108122
1129,내정간섭,0.0015519917227108122
1130,변화,0.0015519917227108122
1131,징역형,0.0015519917227108122
1132,안정,0.0015519917227108122
1133,유영철,0.0015519917227108122
1134,링크,0.0015519917227108122
1135,카톡,0.0015519917227108122
1136,숙식,0.0015519917227108122
1137,토토,0.0015519917227108122
1138,잠도,0.0015519917227108122
1139,심,0.0015519917227108122
1140,연쇄,0.0015519917227108122
1141,대처,0.0015519917227108122
1142,대체,0.0015519917227108122
1143,단죄,0.0015519917227108122
1144,잠,0.0015519917227108122
1145,최악,0.0015519917227108122
1146,펨코,0.0015519917227108122
1147,시절,0.0015519917227108122
1148,차기,0.0015519917227108122
1149,외국,0.0015519917227108122
1150,목포,0.0015519917227108122
1151,신설,0.0015519917227108122
1152,기존,0.0015519917227108122
1153,정화,0.0015519917227108122
1154,염전,0.0015519917227108122
1155,진,0.0015519917227108122
1156,대응,0.0015519917227108122
1157,원통,0.0015519917227108122
1158,을해,0.0015519917227108122
1159,린,0.0015519917227108122
1160,직장인,0.0015519917227108122
1161,민중,0.0015519917227108122
1162,고위,0.0015519917227108122
1163,하늘,0.0015519917227108122
1164,세대,0.0015519917227108122
1165,외,0.0015519917227108122
1166,그때,0.0015519917227108122
1167,아픔,0.0015519917227108122
1168,짝,0.0015519917227108122
1169,거래,0.0015519917227108122
1170,향,0.0015519917227108122
1171,개월,0.0015519917227108122
1172,용산,0.0015519917227108122
1173,기소,0.0015519917227108122
1174,어케,0.0015519917227108122
1175,공익,0.0015519917227108122
1176,지하철,0.0015519917227108122
1177,리니지,0.0015519917227108122
1178,모녀,0.0015519917227108122
1179,지구대,0.0015519917227108122
1180,임무,0.0015519917227108122
1181,예,0.0015519917227108122
1182,핵,0.0015519917227108122
1183,무역,0.0015519917227108122
1184,자작,0.0015519917227108122
1185,누,0.0015519917227108122
1186,악법,0.0015519917227108122
1187,소속,0.0015519917227108122
1188,갈수록,0.0015519917227108122
1189,세,0.0015519917227108122
1190,감빵,0.0015519917227108122
1191,입법부,0.0015519917227108122
1192,신경,0.0015519917227108122
1193,진리,0.0015519917227108122
1194,회복,0.0015519917227108122
1195,독재,0.0015519917227108122
1196,나름,0.0015519917227108122
1197,일면,0.0015519917227108122
1198,증가,0.0015519917227108122
1199,무게,0.0015519917227108122
1200,훈,0.0015519917227108122
1201,검색,0.0015519917227108122
1202,민변,0.0015519917227108122
1203,경고,0.0015519917227108122
1204,공간,0.0015519917227108122
1205,아빠,0.0015519917227108122
1206,수로,0.0015519917227108122
1207,불가,0.0015519917227108122
1208,어이,0.0015519917227108122
1209,허울,0.0015519917227108122
1210,사과,0.0015519917227108122
1211,성별,0.0015519917227108122
1212,운동권,0.0015519917227108122
1213,괴물,0.0015519917227108122
1214,실체,0.0015519917227108122
1215,성폭력,0.0015519917227108122
1216,인터뷰,0.0015519917227108122
1217,지리,0.0015519917227108122
1218,합당,0.0015519917227108122
1219,토론,0.0015519917227108122
1220,단호,0.0015519917227108122
1221,소굴,0.0015519917227108122
1222,편,0.0015519917227108122
1223,방조,0.0015519917227108122
1224,부,0.0015519917227108122
1225,여름,0.0015519917227108122
1226,강대국,0.0015519917227108122
1227,합리,0.0015519917227108122
1228,부여,0.0015519917227108122
1229,밖,0.0015519917227108122
1230,사상,0.0015519917227108122
1231,소년원,0.0015519917227108122
1232,예외,0.0015519917227108122
1233,함부로,0.0015519917227108122
1234,공부,0.0015519917227108122
1235,전직,0.0015519917227108122
1236,아무나,0.0015519917227108122
1237,녹두거리,0.0015519917227108122
1238,이나,0.0015519917227108122
1239,양상,0.0015519917227108122
1240,밥값,0.0015519917227108122
1241,작업,0.0015519917227108122
1242,탈취,0.0015519917227108122
1243,삭감,0.0015519917227108122
1244,행정,0.0015519917227108122
1245,영등포구,0.0015519917227108122
1246,깡패,0.0015519917227108122
1247,가기,0.0015519917227108122
1248,자연사,0.0015519917227108122
1249,첫째,0.0015519917227108122
1250,팬,0.0010346611484738748
1251,보살,0.0010346611484738748
1252,신뢰,0.0010346611484738748
1253,배치,0.0010346611484738748
1254,천만원,0.0010346611484738748
1255,교체,0.0010346611484738748
1256,절단,0.0010346611484738748
1257,중시,0.0010346611484738748
1258,공범,0.0010346611484738748
1259,아오지,0.0010346611484738748
1260,진창,0.0010346611484738748
1261,라지,0.0010346611484738748
1262,출구,0.0010346611484738748
1263,앱,0.0010346611484738748
1264,종이,0.0010346611484738748
1265,거주,0.0010346611484738748
1266,분별,0.0010346611484738748
1267,사리,0.0010346611484738748
1268,신체,0.0010346611484738748
1269,근무,0.0010346611484738748
1270,지지자,0.0010346611484738748
1271,불순,0.0010346611484738748
1272,책상,0.0010346611484738748
1273,설마,0.0010346611484738748
1274,기업,0.0010346611484738748
1275,밀집,0.0010346611484738748
1276,볼펜,0.0010346611484738748
1277,연필,0.0010346611484738748
1278,대림,0.0010346611484738748
1279,싸이코패스,0.0010346611484738748
1280,취급,0.0010346611484738748
1281,구속영장,0.0010346611484738748
1282,시험,0.0010346611484738748
1283,계해,0.0010346611484738748
1284,여러,0.0010346611484738748
1285,광장,0.0010346611484738748
1286,참작,0.0010346611484738748
1287,공유,0.0010346611484738748
1288,머,0.0010346611484738748
1289,눈물,0.0010346611484738748
1290,열,0.0010346611484738748
1291,끌,0.0010346611484738748
1292,소각,0.0010346611484738748
1293,게다가,0.0010346611484738748
1294,사례,0.0010346611484738748
1295,양보,0.0010346611484738748
1296,응징,0.0010346611484738748
1297,옷,0.0010346611484738748
1298,화가,0.0010346611484738748
1299,교,0.0010346611484738748
1300,국민투표,0.0010346611484738748
1301,가능,0.0010346611484738748
1302,에타,0.0010346611484738748
1303,대기업,0.0010346611484738748
1304,개선,0.0010346611484738748
1305,풀,0.0010346611484738748
1306,밥그릇,0.0010346611484738748
1307,증명,0.0010346611484738748
1308,사지,0.0010346611484738748
1309,주위,0.0010346611484738748
1310,베팅,0.0010346611484738748
1311,공감,0.0010346611484738748
1312,다,0.0010346611484738748
1313,담,0.0010346611484738748
1314,정답,0.0010346611484738748
1315,야당,0.0010346611484738748
1316,오원춘,0.0010346611484738748
1317,장애,0.0010346611484738748
1318,거짓말,0.0010346611484738748
1319,몇,0.0010346611484738748
1320,참으로,0.0010346611484738748
1321,성은,0.0010346611484738748
1322,제목,0.0010346611484738748
1323,특수,0.0010346611484738748
1324,법인,0.0010346611484738748
1325,정신병원,0.0010346611484738748
1326,교실,0.0010346611484738748
1327,확정,0.0010346611484738748
1328,라이,0.0010346611484738748
1329,손목,0.0010346611484738748
1330,여중생,0.0010346611484738748
1331,값,0.0010346611484738748
1332,다만,0.0010346611484738748
1333,문죄인,0.0010346611484738748
1334,곰팡이,0.0010346611484738748
1335,게다,0.0010346611484738748
1336,생중계,0.0010346611484738748
1337,무엇,0.0010346611484738748
1338,고해,0.0010346611484738748
1339,공원,0.0010346611484738748
1340,물리,0.0010346611484738748
1341,개조,0.0010346611484738748
1342,복귀,0.0010346611484738748
1343,가가,0.0010346611484738748
1344,봉천동,0.0010346611484738748
1345,마스크,0.0010346611484738748
1346,경종,0.0010346611484738748
1347,단어,0.0010346611484738748
1348,확,0.0010346611484738748
1349,학부모,0.0010346611484738748
1350,서로,0.0010346611484738748
1351,구라,0.0010346611484738748
1352,계약,0.0010346611484738748
1353,노벨상,0.0010346611484738748
1354,박법,0.0010346611484738748
1355,순,0.0010346611484738748
1356,독방,0.0010346611484738748
1357,성향,0.0010346611484738748
1358,감소,0.0010346611484738748
1359,우파,0.0010346611484738748
1360,생활비,0.0010346611484738748
1361,의사,0.0010346611484738748
1362,이태원,0.0010346611484738748
1363,채,0.0010346611484738748
1364,생기지,0.0010346611484738748
1365,소행,0.0010346611484738748
1366,부정,0.0010346611484738748
1367,공격,0.0010346611484738748
1368,약자,0.0010346611484738748
1369,허가,0.0010346611484738748
1370,드라마,0.0010346611484738748
1371,이동관,0.0010346611484738748
1372,임명,0.0010346611484738748
1373,아동,0.0010346611484738748
1374,디시인사이드,0.0010346611484738748
1375,방치,0.0010346611484738748
1376,극우,0.0010346611484738748
1377,커서,0.0010346611484738748
1378,민,0.0010346611484738748
1379,거부,0.0010346611484738748
1380,기관,0.0010346611484738748
1381,국제사회,0.0010346611484738748
1382,거짓,0.0010346611484738748
1383,헛,0.0010346611484738748
1384,후유증,0.0010346611484738748
1385,폐기,0.0010346611484738748
1386,연구,0.0010346611484738748
1387,자녀,0.0010346611484738748
1388,인터넷,0.0010346611484738748
1389,영웅,0.0010346611484738748
1390,교권,0.0010346611484738748
1391,컨셉,0.0010346611484738748
1392,존나,0.0010346611484738748
1393,일본인,0.0010346611484738748
1394,누명,0.0010346611484738748
1395,협박죄,0.0010346611484738748
1396,마치,0.0010346611484738748
1397,가슴,0.0010346611484738748
1398,만해,0.0010346611484738748
1399,이규,0.0010346611484738748
1400,기능,0.0010346611484738748
1401,청소,0.0010346611484738748
1402,용,0.0010346611484738748
1403,수년,0.0010346611484738748
1404,상상,0.0010346611484738748
1405,부정부패,0.0010346611484738748
1406,고하,0.0010346611484738748
1407,엄마,0.0010346611484738748
1408,보이,0.0010346611484738748
1409,교도,0.0010346611484738748
1410,디,0.0010346611484738748
1411,분열,0.0010346611484738748
1412,합리화,0.0010346611484738748
1413,가끔,0.0010346611484738748
1414,비난,0.0010346611484738748
1415,대자,0.0010346611484738748
1416,계층,0.0010346611484738748
1417,사기꾼,0.0010346611484738748
1418,새,0.0010346611484738748
1419,것임,0.0010346611484738748
1420,작자,0.0010346611484738748
1421,현행법,0.0010346611484738748
1422,부담,0.0010346611484738748
1423,추진,0.0010346611484738748
1424,유,0.0010346611484738748
1425,물이,0.0010346611484738748
1426,설득,0.0010346611484738748
1427,일자리,0.0010346611484738748
1428,음,0.0010346611484738748
1429,비교,0.0010346611484738748
1430,대면,0.0010346611484738748
1431,사기,0.0010346611484738748
1432,측면,0.0010346611484738748
1433,반대론,0.0010346611484738748
1434,월간,0.0010346611484738748
1435,법치국가,0.0010346611484738748
1436,차단,0.0010346611484738748
1437,젤,0.0010346611484738748
1438,해하,0.0010346611484738748
1439,이란,0.0010346611484738748
1440,소하,0.0010346611484738748
1441,막무가내,0.0010346611484738748
1442,넌,0.0010346611484738748
1443,광화문,0.0010346611484738748
1444,마을,0.0010346611484738748
1445,방향,0.0010346611484738748
1446,취침,0.0010346611484738748
1447,교육감,0.0010346611484738748
1448,법률,0.0010346611484738748
1449,조항,0.0010346611484738748
1450,우발,0.0010346611484738748
1451,치사,0.0010346611484738748
1452,현행범,0.0010346611484738748
1453,행태,0.0010346611484738748
1454,귀족,0.0010346611484738748
1455,추세,0.0010346611484738748
1456,부재,0.0010346611484738748
1457,치면,0.0010346611484738748
1458,상처,0.0010346611484738748
1459,마냥,0.0010346611484738748
1460,이전,0.0010346611484738748
1461,장소,0.0010346611484738748
1462,대중,0.0010346611484738748
1463,구성원,0.0010346611484738748
1464,위인,0.0010346611484738748
1465,발의,0.0010346611484738748
1466,망치,0.0010346611484738748
1467,구석,0.0010346611484738748
1468,일어나지,0.0010346611484738748
1469,얘,0.0010346611484738748
1470,호식,0.0010346611484738748
1471,호위,0.0010346611484738748
1472,신분,0.0010346611484738748
1473,상이,0.0010346611484738748
1474,집값,0.0010346611484738748
1475,합격,0.0010346611484738748
1476,법관,0.0010346611484738748
1477,멸,0.0010346611484738748
1478,비정상,0.0010346611484738748
1479,불법,0.0010346611484738748
1480,자동차,0.0010346611484738748
1481,논의,0.0010346611484738748
1482,슬픔,0.0010346611484738748
1483,나소,0.0010346611484738748
1484,내란,0.0010346611484738748
1485,조선시대,0.0010346611484738748
1486,즉,0.0010346611484738748
1487,순식간,0.0010346611484738748
1488,모범,0.0010346611484738748
1489,남탓,0.0010346611484738748
1490,그따위,0.0010346611484738748
1491,권한,0.0010346611484738748
1492,공무,0.0010346611484738748
1493,기간,0.0010346611484738748
1494,이상은,0.0010346611484738748
1495,작정,0.0010346611484738748
1496,발언,0.0010346611484738748
1497,부의,0.0010346611484738748
1498,호기심,0.0010346611484738748
1499,빈부격차,0.0010346611484738748
1500,제로,0.0010346611484738748
1501,혈세,0.0010346611484738748
1502,건강,0.0010346611484738748
1503,배팅,0.0005173305742369374
1504,시범,0.0005173305742369374
1505,케이스,0.0005173305742369374
1506,금융,0.0005173305742369374
1507,차려,0.0005173305742369374
1508,근본,0.0005173305742369374
1509,실전,0.0005173305742369374
1510,말세,0.0005173305742369374
1511,풀이,0.0005173305742369374
1512,신용,0.0005173305742369374
1513,호,0.0005173305742369374
1514,정해,0.0005173305742369374
1515,승리,0.0005173305742369374
1516,갓길,0.0005173305742369374
1517,허구,0.0005173305742369374
1518,정신과,0.0005173305742369374
1519,채용,0.0005173305742369374
1520,구형,0.0005173305742369374
1521,애나,0.0005173305742369374
1522,노소,0.0005173305742369374
1523,신고,0.0005173305742369374
1524,린지,0.0005173305742369374
1525,평화,0.0005173305742369374
1526,외톨이,0.0005173305742369374
1527,카페,0.0005173305742369374
1528,여친,0.0005173305742369374
1529,경기,0.0005173305742369374
1530,자루,0.0005173305742369374
1531,망조,0.0005173305742369374
1532,나무,0.0005173305742369374
1533,징계,0.0005173305742369374
1534,남미,0.0005173305742369374
1535,가구,0.0005173305742369374
1536,자가,0.0005173305742369374
1537,중독,0.0005173305742369374
1538,디시,0.0005173305742369374
1539,병력,0.0005173305742369374
1540,기부,0.0005173305742369374
1541,연좌제,0.0005173305742369374
1542,방탄,0.0005173305742369374
1543,다해,0.0005173305742369374
1544,게시,0.0005173305742369374
1545,실명,0.0005173305742369374
1546,결정,0.0005173305742369374
1547,방안,0.0005173305742369374
1548,총살,0.0005173305742369374
1549,일선,0.0005173305742369374
1550,금관,0.0005173305742369374
1551,몫,0.0005173305742369374
1552,전남,0.0005173305742369374
1553,공조,0.0005173305742369374
1554,주자,0.0005173305742369374
1555,손해배상,0.0005173305742369374
1556,그동안,0.0005173305742369374
1557,직전,0.0005173305742369374
1558,감금,0.0005173305742369374
1559,엄정,0.0005173305742369374
1560,블라,0.0005173305742369374
1561,팔고,0.0005173305742369374
1562,살인죄,0.0005173305742369374
1563,종일,0.0005173305742369374
1564,환수,0.0005173305742369374
1565,동물,0.0005173305742369374
1566,분노조절,0.0005173305742369374
1567,수위,0.0005173305742369374
1568,멀티,0.0005173305742369374
1569,승,0.0005173305742369374
1570,부림,0.0005173305742369374
1571,무법,0.0005173305742369374
1572,강간범,0.0005173305742369374
1573,번지,0.0005173305742369374
1574,유정,0.0005173305742369374
1575,잡,0.0005173305742369374
1576,기억,0.0005173305742369374
1577,사안,0.0005173305742369374
1578,조현병,0.0005173305742369374
1579,인민,0.0005173305742369374
1580,후진국,0.0005173305742369374
1581,해대,0.0005173305742369374
1582,발전,0.0005173305742369374
1583,중대,0.0005173305742369374
1584,압수수색,0.0005173305742369374
1585,필수,0.0005173305742369374
1586,송파,0.0005173305742369374
1587,가라,0.0005173305742369374
1588,실탄,0.0005173305742369374
1589,동의,0.0005173305742369374
1590,들,0.0005173305742369374
1591,한계,0.0005173305742369374
1592,망상,0.0005173305742369374
1593,린다,0.0005173305742369374
1594,뼈,0.0005173305742369374
1595,도서,0.0005173305742369374
1596,아이템,0.0005173305742369374
1597,사나,0.0005173305742369374
1598,팀,0.0005173305742369374
1599,악한,0.0005173305742369374
1600,조폭,0.0005173305742369374
1601,헌법,0.0005173305742369374
1602,라라,0.0005173305742369374
1603,짤,0.0005173305742369374
1604,몰수,0.0005173305742369374
1605,와중,0.0005173305742369374
1606,도나,0.0005173305742369374
1607,운전,0.0005173305742369374
1608,절,0.0005173305742369374
1609,인도,0.0005173305742369374
1610,죄인,0.0005173305742369374
1611,일조,0.0005173305742369374
1612,자극,0.0005173305742369374
1613,누굴위,0.0005173305742369374
1614,평소,0.0005173305742369374
1615,거품,0.0005173305742369374
1616,묻지마범죄,0.0005173305742369374
1617,격,0.0005173305742369374
1618,응당,0.0005173305742369374
1619,건만,0.0005173305742369374
1620,퇴,0.0005173305742369374
1621,모임,0.0005173305742369374
1622,난사,0.0005173305742369374
1623,초,0.0005173305742369374
1624,교란,0.0005173305742369374
1625,발달,0.0005173305742369374
1626,사이,0.0005173305742369374
1627,불구,0.0005173305742369374
1628,연인,0.0005173305742369374
1629,무르,0.0005173305742369374
1630,폐,0.0005173305742369374
1631,말살,0.0005173305742369374
1632,칼빵,0.0005173305742369374
1633,이순신,0.0005173305742369374
1634,장군,0.0005173305742369374
1635,확신,0.0005173305742369374
1636,동남아,0.0005173305742369374
1637,시골,0.0005173305742369374
1638,껄,0.0005173305742369374
1639,강요,0.0005173305742369374
1640,가정교육,0.0005173305742369374
1641,기도,0.0005173305742369374
1642,죗값,0.0005173305742369374
1643,고치,0.0005173305742369374
1644,별로,0.0005173305742369374
1645,금액,0.0005173305742369374
1646,대접,0.0005173305742369374
1647,그날,0.0005173305742369374
1648,복수심,0.0005173305742369374
1649,상인,0.0005173305742369374
1650,하나요,0.0005173305742369374
1651,무정,0.0005173305742369374
1652,일인,0.0005173305742369374
1653,탁상공론,0.0005173305742369374
1654,곱,0.0005173305742369374
1655,특공대,0.0005173305742369374
1656,파탄,0.0005173305742369374
1657,몇번,0.0005173305742369374
1658,마감,0.0005173305742369374
1659,석,0.0005173305742369374
1660,자백,0.0005173305742369374
1661,경험,0.0005173305742369374
1662,악의,0.0005173305742369374
1663,자격,0.0005173305742369374
1664,한다해,0.0005173305742369374
1665,바늘,0.0005173305742369374
1666,구속사,0.0005173305742369374
1667,유가,0.0005173305742369374
1668,응보,0.0005173305742369374
1669,숭숭,0.0005173305742369374
1670,이틀,0.0005173305742369374
1671,전술,0.0005173305742369374
1672,보드,0.0005173305742369374
1673,성추행,0.0005173305742369374
1674,탈퇴,0.0005173305742369374
1675,해고,0.0005173305742369374
1676,이사회,0.0005173305742369374
1677,벌써,0.0005173305742369374
1678,갈이,0.0005173305742369374
1679,북,0.0005173305742369374
1680,세뇌,0.0005173305742369374
1681,이해찬,0.0005173305742369374
1682,육체,0.0005173305742369374
1683,음주,0.0005173305742369374
1684,차례,0.0005173305742369374
1685,민주화,0.0005173305742369374
1686,요소,0.0005173305742369374
1687,역량,0.0005173305742369374
1688,기적,0.0005173305742369374
1689,사이비,0.0005173305742369374
1690,파괴,0.0005173305742369374
1691,여야,0.0005173305742369374
1692,전세계,0.0005173305742369374
1693,이익,0.0005173305742369374
1694,려고,0.0005173305742369374
1695,보도,0.0005173305742369374
1696,겜,0.0005173305742369374
1697,소원,0.0005173305742369374
1698,말리,0.0005173305742369374
1699,낮잠,0.0005173305742369374
1700,조정은,0.0005173305742369374
1701,임금,0.0005173305742369374
1702,수업,0.0005173305742369374
1703,살이,0.0005173305742369374
1704,권력자,0.0005173305742369374
1705,선생님,0.0005173305742369374
1706,영향력,0.0005173305742369374
1707,뜻,0.0005173305742369374
1708,가스,0.0005173305742369374
1709,팅,0.0005173305742369374
1710,면회,0.0005173305742369374
1711,주기,0.0005173305742369374
1712,전반,0.0005173305742369374
1713,아,0.0005173305742369374
1714,무책임,0.0005173305742369374
1715,문화,0.0005173305742369374
1716,금천,0.0005173305742369374
1717,법좀,0.0005173305742369374
1718,족족,0.0005173305742369374
1719,반면,0.0005173305742369374
1720,혐오,0.0005173305742369374
1721,착각,0.0005173305742369374
1722,돌아이,0.0005173305742369374
1723,주의자,0.0005173305742369374
1724,성차별,0.0005173305742369374
1725,한시,0.0005173305742369374
1726,다가,0.0005173305742369374
1727,위안,0.0005173305742369374
1728,뭉,0.0005173305742369374
1729,타이밍,0.0005173305742369374
1730,기록,0.0005173305742369374
1731,똑바로,0.0005173305742369374
1732,시신,0.0005173305742369374
1733,유로,0.0005173305742369374
1734,필요성,0.0005173305742369374
1735,성,0.0005173305742369374
1736,미디어,0.0005173305742369374
1737,투입,0.0005173305742369374
1738,느낌,0.0005173305742369374
1739,사법고시,0.0005173305742369374
1740,생산,0.0005173305742369374
1741,잔,0.0005173305742369374
1742,잣,0.0005173305742369374
1743,그땐,0.0005173305742369374
1744,생존,0.0005173305742369374
1745,대남,0.0005173305742369374
1746,출생,0.0005173305742369374
1747,장갑차,0.0005173305742369374
1748,구글,0.0005173305742369374
1749,생지옥,0.0005173305742369374
1750,차고,0.0005173305742369374
1751,건데,0.0005173305742369374
1752,촉구,0.0005173305742369374
1753,노조,0.0005173305742369374
1754,홍어,0.0005173305742369374
1755,잡지,0.0005173305742369374
1756,소년,0.0005173305742369374
1757,기득권,0.0005173305742369374
1758,시점,0.0005173305742369374
1759,려,0.0005173305742369374
1760,벌금형,0.0005173305742369374
1761,사자,0.0005173305742369374
1762,호랑이,0.0005173305742369374
1763,왕,0.0005173305742369374
1764,중학생,0.0005173305742369374
1765,폼,0.0005173305742369374
1766,쇼,0.0005173305742369374
1767,귀가,0.0005173305742369374
1768,휴대,0.0005173305742369374
1769,여지,0.0005173305742369374
1770,존엄성,0.0005173305742369374
1771,파리,0.0005173305742369374
1772,마구잡이,0.0005173305742369374
1773,타,0.0005173305742369374
1774,비호,0.0005173305742369374
1775,하늘아래,0.0005173305742369374
1776,소외,0.0005173305742369374
1777,만듭시,0.0005173305742369374
1778,일만,0.0005173305742369374
1779,오줌,0.0005173305742369374
1780,프로그램,0.0005173305742369374
1781,테두리,0.0005173305742369374
1782,사업,0.0005173305742369374
1783,방어,0.0005173305742369374
1784,로만,0.0005173305742369374
1785,합,0.0005173305742369374
1786,굳이,0.0005173305742369374
1787,덩어리,0.0005173305742369374
1788,피해망상,0.0005173305742369374
1789,조,0.0005173305742369374
1790,생해,0.0005173305742369374
1791,용공,0.0005173305742369374
1792,퇴사,0.0005173305742369374
1793,일상,0.0005173305742369374
1794,성적,0.0005173305742369374
1795,독산동,0.0005173305742369374
1796,나가야,0.0005173305742369374
1797,호의호식,0.0005173305742369374
1798,거임,0.0005173305742369374
1799,윤석렬,0.0005173305742369374
1800,암호,0.0005173305742369374
1801,부장,0.0005173305742369374
1802,예상,0.0005173305742369374
1803,십년,0.0005173305742369374
1804,빨,0.0005173305742369374
1805,텃밭,0.0005173305742369374
1806,보임,0.0005173305742369374
1807,회부,0.0005173305742369374
1808,대림동,0.0005173305742369374
1809,고시원,0.0005173305742369374
1810,자제,0.0005173305742369374
1811,독재정,0.0005173305742369374
1812,안보,0.0005173305742369374
1813,지난,0.0005173305742369374
1814,적폐,0.0005173305742369374
1815,청산,0.0005173305742369374
1816,추천,0.0005173305742369374
1817,저걸,0.0005173305742369374
1818,사진,0.0005173305742369374
1819,잡음,0.0005173305742369374
1820,보안,0.0005173305742369374
1821,조지,0.0005173305742369374
1822,오,0.0005173305742369374
1823,행,0.0005173305742369374
1824,노답,0.0005173305742369374
1825,필히,0.0005173305742369374
1826,잡범,0.0005173305742369374
1827,햐,0.0005173305742369374
1828,채찍,0.0005173305742369374
1829,번화가,0.0005173305742369374
1830,도덕,0.0005173305742369374
1831,감히,0.0005173305742369374
1832,차안,0.0005173305742369374
1833,영상,0.0005173305742369374
1834,짐,0.0005173305742369374
1835,수능,0.0005173305742369374
1836,선생,0.0005173305742369374
1837,구매,0.0005173305742369374
1838,제외,0.0005173305742369374
1839,안위,0.0005173305742369374
1840,보조,0.0005173305742369374
1841,돌,0.0005173305742369374
1842,통제,0.0005173305742369374
1843,저딴,0.0005173305742369374
1844,경비,0.0005173305742369374
1845,절감,0.0005173305742369374
1846,피땀,0.0005173305742369374
1847,조롱,0.0005173305742369374
1848,상,0.0005173305742369374
1849,미적,0.0005173305742369374
1850,난무,0.0005173305742369374
1851,발부,0.0005173305742369374
1852,미추홀,0.0005173305742369374
1853,인천,0.0005173305742369374
1854,공개처형,0.0005173305742369374
1855,지고,0.0005173305742369374
1856,명감,0.0005173305742369374
1857,제한,0.0005173305742369374
1858,고자,0.0005173305742369374
1859,사치,0.0005173305742369374
1860,몸부림,0.0005173305742369374
1861,설명,0.0005173305742369374
1862,불평등,0.0005173305742369374
1863,신변,0.0005173305742369374
1864,뭐건,0.0005173305742369374
1865,판매,0.0005173305742369374
1866,다운,0.0005173305742369374
1867,도로,0.0005173305742369374
1868,지도자,0.0005173305742369374
1869,책방,0.0005173305742369374
1870,대립,0.0005173305742369374
1871,사랑,0.0005173305742369374
1872,심지어,0.0005173305742369374
1873,지방,0.0005173305742369374
1874,극단,0.0005173305742369374
1875,시국,0.0005173305742369374
1876,에고,0.0005173305742369374
1877,땐,0.0005173305742369374
1878,뇌물,0.0005173305742369374
1879,투기,0.0005173305742369374
1880,용의자,0.0005173305742369374
1881,애기,0.0005173305742369374
1882,노래,0.0005173305742369374
1883,일도,0.0005173305742369374
1884,가산,0.0005173305742369374
1885,언도,0.0005173305742369374
1886,대국민,0.0005173305742369374
1887,잉,0.0005173305742369374
1888,꾼,0.0005173305742369374
1889,법조인,0.0005173305742369374
1890,가로,0.0005173305742369374
1891,방구,0.0005173305742369374
1892,군대,0.0005173305742369374
1893,필리핀,0.0005173305742369374
1894,탄핵,0.0005173305742369374
1895,이형,0.0005173305742369374
1896,절대로,0.0005173305742369374
1897,뇌,0.0005173305742369374
1898,청장,0.0005173305742369374
1899,커녕,0.0005173305742369374
1900,법리,0.0005173305742369374
1901,준비,0.0005173305742369374
1902,교통사고,0.0005173305742369374
1903,결과물,0.0005173305742369374
1904,결론,0.0005173305742369374
1905,중공,0.0005173305742369374
1906,마,0.0005173305742369374
1907,진행,0.0005173305742369374
1908,재정,0.0005173305742369374
1909,용기,0.0005173305742369374
1910,판검사,0.0005173305742369374
1911,햇,0.0005173305742369374
1912,한국인,0.0005173305742369374
1913,공군,0.0005173305742369374
1914,선거,0.0005173305742369374
1915,쓸모,0.0005173305742369374
1916,종,0.0005173305742369374
1917,여부,0.0005173305742369374
1918,이미지,0.0005173305742369374
1919,부탁,0.0005173305742369374
1920,도배,0.0005173305742369374
1921,전관예우,0.0005173305742369374
1922,바닥,0.0005173305742369374
1923,대만,0.0005173305742369374
1924,강,0.0005173305742369374
1925,하나로,0.0005173305742369374
1926,음식,0.0005173305742369374
1927,이내,0.0005173305742369374
1928,마네,0.0005173305742369374
1929,전원,0.0005173305742369374
1930,의적,0.0005173305742369374
1931,티비,0.0005173305742369374
1932,허세,0.0005173305742369374
1933,아래,0.0005173305742369374
